,Unnamed: 0,kappa,xi,numbr_roots,Unnamed: 0.1,Unnamed: 0.1.1
0,0,0.14,0.1,2,,
1,0,0.14,0.18,2,,
2,0,0.14,0.26,2,,
3,0,0.14,0.34,2,,
4,0,0.14,0.42,2,,
5,0,0.14,0.5,2,,
6,0,0.14,0.57,2,,
7,0,0.14,0.65,2,,
8,0,0.14,0.73,2,,
9,0,0.14,0.81,2,,
10,0,0.14,0.89,2,,
11,0,0.14,0.97,2,,
12,0,0.14,1.05,2,,
13,0,0.14,1.13,2,,
14,0,0.14,1.21,2,,
15,0,0.14,1.29,2,,
16,0,0.14,1.37,2,,
17,0,0.14,1.45,2,,
18,0,0.14,1.52,2,,
19,0,0.14,1.6,3,,
20,0,0.14,1.68,3,,
21,0,0.14,1.76,3,,
22,0,0.14,1.84,3,,
23,0,0.14,1.92,3,,
24,0,0.14,2.0,3,,
25,0,0.18,0.1,2,,
26,0,0.18,0.18,2,,
27,0,0.18,0.26,2,,
28,0,0.18,0.34,2,,
29,0,0.18,0.42,2,,
30,0,0.18,0.5,2,,
31,0,0.18,0.57,2,,
32,0,0.18,0.65,2,,
33,0,0.18,0.73,2,,
34,0,0.18,0.81,2,,
35,0,0.18,0.89,2,,
36,0,0.18,0.97,2,,
37,0,0.18,1.05,2,,
38,0,0.18,1.13,2,,
39,0,0.18,1.21,2,,
40,0,0.18,1.29,2,,
41,0,0.18,1.37,2,,
42,0,0.18,1.45,2,,
43,0,0.18,1.52,2,,
44,0,0.18,1.6,3,,
45,0,0.18,1.68,3,,
46,0,0.18,1.76,3,,
47,0,0.18,1.84,3,,
48,0,0.18,1.92,3,,
49,0,0.18,2.0,3,,
50,0,0.1,0.1,2,,
51,0,0.1,0.18,2,,
52,0,0.1,0.26,2,,
53,0,0.1,0.34,2,,
54,0,0.1,0.42,2,,
55,0,0.1,0.5,2,,
56,0,0.1,0.57,2,,
57,0,0.1,0.65,2,,
58,0,0.1,0.73,2,,
59,0,0.1,0.81,2,,
60,0,0.1,0.89,2,,
61,0,0.1,0.97,2,,
62,0,0.1,1.05,2,,
63,0,0.1,1.13,2,,
64,0,0.1,1.21,2,,
65,0,0.1,1.29,2,,
66,0,0.1,1.37,2,,
67,0,0.1,1.45,2,,
68,0,0.1,1.52,2,,
69,0,0.1,1.6,3,,
70,0,0.1,1.68,3,,
71,0,0.1,1.76,3,,
72,0,0.1,1.84,3,,
73,0,0.1,1.92,3,,
74,0,0.1,2.0,3,,
75,0,0.21,0.1,2,,
76,0,0.21,0.18,2,,
77,0,0.21,0.26,2,,
78,0,0.21,0.34,2,,
79,0,0.21,0.42,2,,
80,0,0.21,0.5,2,,
81,0,0.21,0.57,2,,
82,0,0.21,0.65,2,,
83,0,0.21,0.73,2,,
84,0,0.21,0.81,2,,
85,0,0.21,0.89,2,,
86,0,0.21,0.97,2,,
87,0,0.21,1.05,2,,
88,0,0.21,1.13,2,,
89,0,0.21,1.21,2,,
90,0,0.21,1.29,2,,
91,0,0.21,1.37,2,,
92,0,0.21,1.45,2,,
93,0,0.21,1.52,2,,
94,0,0.21,1.6,3,,
95,0,0.21,1.68,3,,
96,0,0.21,1.76,3,,
97,0,0.21,1.84,3,,
98,0,0.21,1.92,3,,
99,0,0.21,2.0,3,,
100,0,0.25,0.1,2,,
101,0,0.25,0.18,2,,
102,0,0.25,0.26,2,,
103,0,0.25,0.34,2,,
104,0,0.25,0.42,2,,
105,0,0.25,0.5,2,,
106,0,0.25,0.57,2,,
107,0,0.25,0.65,2,,
108,0,0.25,0.73,2,,
109,0,0.25,0.81,2,,
110,0,0.25,0.89,2,,
111,0,0.25,0.97,2,,
112,0,0.25,1.05,2,,
113,0,0.25,1.13,2,,
114,0,0.25,1.21,2,,
115,0,0.25,1.29,2,,
116,0,0.25,1.37,2,,
117,0,0.25,1.45,2,,
118,0,0.25,1.52,2,,
119,0,0.25,1.6,3,,
120,0,0.25,1.68,3,,
121,0,0.25,1.76,3,,
122,0,0.25,1.84,3,,
123,0,0.25,1.92,3,,
124,0,0.25,2.0,3,,
125,0,0.29,0.1,2,,
126,0,0.29,0.18,2,,
127,0,0.29,0.26,2,,
128,0,0.29,0.34,2,,
129,0,0.29,0.42,2,,
130,0,0.29,0.5,2,,
131,0,0.29,0.57,2,,
132,0,0.29,0.65,2,,
133,0,0.29,0.73,2,,
134,0,0.29,0.81,2,,
135,0,0.29,0.89,2,,
136,0,0.29,0.97,2,,
137,0,0.29,1.05,2,,
138,0,0.29,1.13,2,,
139,0,0.29,1.21,2,,
140,0,0.29,1.29,2,,
141,0,0.29,1.37,2,,
142,0,0.29,1.45,2,,
143,0,0.29,1.52,2,,
144,0,0.29,1.6,3,,
145,0,0.29,1.68,3,,
146,0,0.29,1.76,3,,
147,0,0.29,1.84,3,,
148,0,0.29,1.92,3,,
149,0,0.29,2.0,3,,
150,0,0.32,0.1,2,,
151,0,0.32,0.18,2,,
152,0,0.32,0.26,2,,
153,0,0.32,0.34,2,,
154,0,0.32,0.42,2,,
155,0,0.32,0.5,2,,
156,0,0.32,0.57,2,,
157,0,0.32,0.65,2,,
158,0,0.32,0.73,2,,
159,0,0.32,0.81,2,,
160,0,0.32,0.89,2,,
161,0,0.32,0.97,2,,
162,0,0.32,1.05,2,,
163,0,0.32,1.13,2,,
164,0,0.32,1.21,2,,
165,0,0.32,1.29,2,,
166,0,0.32,1.37,2,,
167,0,0.32,1.45,2,,
168,0,0.32,1.52,2,,
169,0,0.32,1.6,3,,
170,0,0.32,1.68,3,,
171,0,0.32,1.76,3,,
172,0,0.32,1.84,3,,
173,0,0.32,1.92,3,,
174,0,0.32,2.0,3,,
175,0,0.36,0.1,2,,
176,0,0.36,0.18,2,,
177,0,0.36,0.26,2,,
178,0,0.36,0.34,2,,
179,0,0.36,0.42,2,,
180,0,0.36,0.5,2,,
181,0,0.36,0.57,2,,
182,0,0.36,0.65,2,,
183,0,0.36,0.73,2,,
184,0,0.36,0.81,2,,
185,0,0.36,0.89,2,,
186,0,0.36,0.97,2,,
187,0,0.36,1.05,2,,
188,0,0.36,1.13,2,,
189,0,0.36,1.21,2,,
190,0,0.36,1.29,2,,
191,0,0.36,1.37,2,,
192,0,0.36,1.45,2,,
193,0,0.36,1.52,2,,
194,0,0.36,1.6,3,,
195,0,0.36,1.68,3,,
196,0,0.36,1.76,3,,
197,0,0.36,1.84,3,,
198,0,0.36,1.92,3,,
199,0,0.36,2.0,3,,
200,0,0.44,0.1,2,,
201,0,0.44,0.18,2,,
202,0,0.44,0.26,2,,
203,0,0.44,0.34,2,,
204,0,0.44,0.42,2,,
205,0,0.44,0.5,2,,
206,0,0.44,0.57,2,,
207,0,0.44,0.65,2,,
208,0,0.44,0.73,2,,
209,0,0.44,0.81,2,,
210,0,0.44,0.89,2,,
211,0,0.44,0.97,2,,
212,0,0.44,1.05,2,,
213,0,0.44,1.13,2,,
214,0,0.44,1.21,2,,
215,0,0.44,1.29,2,,
216,0,0.44,1.37,2,,
217,0,0.44,1.45,2,,
218,0,0.44,1.52,2,,
219,0,0.44,1.6,3,,
220,0,0.44,1.68,3,,
221,0,0.44,1.76,3,,
222,0,0.44,1.84,3,,
223,0,0.44,1.92,3,,
224,0,0.44,2.0,3,,
225,0,0.48,0.1,2,,
226,0,0.48,0.18,2,,
227,0,0.48,0.26,2,,
228,0,0.48,0.34,2,,
229,0,0.48,0.42,2,,
230,0,0.48,0.5,2,,
231,0,0.48,0.57,2,,
232,0,0.48,0.65,2,,
233,0,0.48,0.73,2,,
234,0,0.48,0.81,2,,
235,0,0.48,0.89,2,,
236,0,0.48,0.97,2,,
237,0,0.48,1.05,2,,
238,0,0.48,1.13,2,,
239,0,0.48,1.21,2,,
240,0,0.48,1.29,2,,
241,0,0.48,1.37,2,,
242,0,0.48,1.45,2,,
243,0,0.48,1.52,2,,
244,0,0.48,1.6,3,,
245,0,0.48,1.68,3,,
246,0,0.48,1.76,3,,
247,0,0.48,1.84,3,,
248,0,0.48,1.92,3,,
249,0,0.48,2.0,3,,
250,0,0.4,0.1,2,,
251,0,0.4,0.18,2,,
252,0,0.4,0.26,2,,
253,0,0.4,0.34,2,,
254,0,0.4,0.42,2,,
255,0,0.4,0.5,2,,
256,0,0.4,0.57,2,,
257,0,0.4,0.65,2,,
258,0,0.4,0.73,2,,
259,0,0.4,0.81,2,,
260,0,0.4,0.89,2,,
261,0,0.4,0.97,2,,
262,0,0.4,1.05,2,,
263,0,0.4,1.13,2,,
264,0,0.4,1.21,2,,
265,0,0.4,1.29,2,,
266,0,0.4,1.37,2,,
267,0,0.4,1.45,2,,
268,0,0.4,1.52,2,,
269,0,0.4,1.6,3,,
270,0,0.4,1.68,3,,
271,0,0.4,1.76,3,,
272,0,0.4,1.84,3,,
273,0,0.4,1.92,3,,
274,0,0.4,2.0,3,,
275,0,0.51,0.1,2,,
276,0,0.51,0.18,2,,
277,0,0.51,0.26,2,,
278,0,0.51,0.34,2,,
279,0,0.51,0.42,2,,
280,0,0.51,0.5,2,,
281,0,0.51,0.57,2,,
282,0,0.51,0.65,2,,
283,0,0.51,0.73,2,,
284,0,0.51,0.81,2,,
285,0,0.51,0.89,2,,
286,0,0.51,0.97,2,,
287,0,0.51,1.05,2,,
288,0,0.51,1.13,2,,
289,0,0.51,1.21,2,,
290,0,0.51,1.29,2,,
291,0,0.51,1.37,2,,
292,0,0.51,1.45,2,,
293,0,0.51,1.52,2,,
294,0,0.51,1.6,3,,
295,0,0.51,1.68,3,,
296,0,0.51,1.76,3,,
297,0,0.51,1.84,3,,
298,0,0.51,1.92,3,,
299,0,0.51,2.0,3,,
300,0,0.55,0.1,2,,
301,0,0.55,0.18,2,,
302,0,0.55,0.26,2,,
303,0,0.55,0.34,2,,
304,0,0.55,0.42,2,,
305,0,0.55,0.5,2,,
306,0,0.55,0.57,2,,
307,0,0.55,0.65,2,,
308,0,0.55,0.73,2,,
309,0,0.55,0.81,2,,
310,0,0.55,0.89,2,,
311,0,0.55,0.97,2,,
312,0,0.55,1.05,2,,
313,0,0.55,1.13,2,,
314,0,0.55,1.21,2,,
315,0,0.55,1.29,2,,
316,0,0.55,1.37,2,,
317,0,0.55,1.45,2,,
318,0,0.55,1.52,2,,
319,0,0.55,1.6,3,,
320,0,0.55,1.68,3,,
321,0,0.55,1.76,3,,
322,0,0.55,1.84,3,,
323,0,0.55,1.92,3,,
324,0,0.55,2.0,3,,
325,0,0.59,0.1,2,,
326,0,0.59,0.18,2,,
327,0,0.59,0.26,2,,
328,0,0.59,0.34,2,,
329,0,0.59,0.42,2,,
330,0,0.59,0.5,2,,
331,0,0.59,0.57,2,,
332,0,0.59,0.65,2,,
333,0,0.59,0.73,2,,
334,0,0.59,0.81,2,,
335,0,0.59,0.89,2,,
336,0,0.59,0.97,2,,
337,0,0.59,1.05,2,,
338,0,0.59,1.13,2,,
339,0,0.59,1.21,2,,
340,0,0.59,1.29,2,,
341,0,0.59,1.37,2,,
342,0,0.59,1.45,2,,
343,0,0.59,1.52,2,,
344,0,0.59,1.6,3,,
345,0,0.59,1.68,3,,
346,0,0.59,1.76,3,,
347,0,0.59,1.84,3,,
348,0,0.59,1.92,3,,
349,0,0.59,2.0,3,,
350,0,0.62,0.1,2,,
351,0,0.62,0.18,2,,
352,0,0.62,0.26,2,,
353,0,0.62,0.34,2,,
354,0,0.62,0.42,2,,
355,0,0.62,0.5,2,,
356,0,0.62,0.57,2,,
357,0,0.62,0.65,2,,
358,0,0.62,0.73,2,,
359,0,0.62,0.81,2,,
360,0,0.62,0.89,2,,
361,0,0.62,0.97,2,,
362,0,0.62,1.05,2,,
363,0,0.62,1.13,2,,
364,0,0.62,1.21,2,,
365,0,0.62,1.29,2,,
366,0,0.62,1.37,2,,
367,0,0.62,1.45,2,,
368,0,0.62,1.52,2,,
369,0,0.62,1.6,3,,
370,0,0.62,1.68,3,,
371,0,0.62,1.76,3,,
372,0,0.62,1.84,3,,
373,0,0.62,1.92,3,,
374,0,0.62,2.0,3,,
375,0,0.66,0.1,2,,
376,0,0.66,0.18,2,,
377,0,0.66,0.26,2,,
378,0,0.66,0.34,2,,
379,0,0.66,0.42,2,,
380,0,0.66,0.5,2,,
381,0,0.66,0.57,2,,
382,0,0.66,0.65,2,,
383,0,0.66,0.73,2,,
384,0,0.66,0.81,2,,
385,0,0.66,0.89,2,,
386,0,0.66,0.97,2,,
387,0,0.66,1.05,2,,
388,0,0.66,1.13,2,,
389,0,0.66,1.21,2,,
390,0,0.66,1.29,2,,
391,0,0.66,1.37,2,,
392,0,0.66,1.45,2,,
393,0,0.66,1.52,2,,
394,0,0.66,1.6,3,,
395,0,0.66,1.68,3,,
396,0,0.66,1.76,3,,
397,0,0.66,1.84,3,,
398,0,0.66,1.92,3,,
399,0,0.66,2.0,3,,
400,0,0.74,0.1,2,,
401,0,0.74,0.18,2,,
402,0,0.74,0.26,2,,
403,0,0.74,0.34,2,,
404,0,0.74,0.42,2,,
405,0,0.74,0.5,2,,
406,0,0.74,0.57,2,,
407,0,0.74,0.65,2,,
408,0,0.74,0.73,2,,
409,0,0.74,0.81,2,,
410,0,0.74,0.89,2,,
411,0,0.74,0.97,2,,
412,0,0.74,1.05,2,,
413,0,0.74,1.13,2,,
414,0,0.74,1.21,2,,
415,0,0.74,1.29,2,,
416,0,0.74,1.37,2,,
417,0,0.74,1.45,2,,
418,0,0.74,1.52,2,,
419,0,0.74,1.6,3,,
420,0,0.74,1.68,3,,
421,0,0.74,1.76,3,,
422,0,0.74,1.84,3,,
423,0,0.74,1.92,3,,
424,0,0.74,2.0,3,,
425,0,0.77,0.1,2,,
426,0,0.77,0.18,2,,
427,0,0.77,0.26,2,,
428,0,0.77,0.34,2,,
429,0,0.77,0.42,2,,
430,0,0.77,0.5,2,,
431,0,0.77,0.57,2,,
432,0,0.77,0.65,2,,
433,0,0.77,0.73,2,,
434,0,0.77,0.81,2,,
435,0,0.77,0.89,2,,
436,0,0.77,0.97,2,,
437,0,0.77,1.05,2,,
438,0,0.77,1.13,2,,
439,0,0.77,1.21,2,,
440,0,0.77,1.29,2,,
441,0,0.77,1.37,2,,
442,0,0.77,1.45,2,,
443,0,0.77,1.52,2,,
444,0,0.77,1.6,3,,
445,0,0.77,1.68,3,,
446,0,0.77,1.76,3,,
447,0,0.77,1.84,3,,
448,0,0.77,1.92,3,,
449,0,0.77,2.0,3,,
450,0,0.7,0.1,2,,
451,0,0.7,0.18,2,,
452,0,0.7,0.26,2,,
453,0,0.7,0.34,2,,
454,0,0.7,0.42,2,,
455,0,0.7,0.5,2,,
456,0,0.7,0.57,2,,
457,0,0.7,0.65,2,,
458,0,0.7,0.73,2,,
459,0,0.7,0.81,2,,
460,0,0.7,0.89,2,,
461,0,0.7,0.97,2,,
462,0,0.7,1.05,2,,
463,0,0.7,1.13,2,,
464,0,0.7,1.21,2,,
465,0,0.7,1.29,2,,
466,0,0.7,1.37,2,,
467,0,0.7,1.45,2,,
468,0,0.7,1.52,2,,
469,0,0.7,1.6,3,,
470,0,0.7,1.68,3,,
471,0,0.7,1.76,3,,
472,0,0.7,1.84,3,,
473,0,0.7,1.92,3,,
474,0,0.7,2.0,3,,
475,0,0.81,0.1,2,,
476,0,0.81,0.18,2,,
477,0,0.81,0.26,2,,
478,0,0.81,0.34,2,,
479,0,0.81,0.42,2,,
480,0,0.81,0.5,2,,
481,0,0.81,0.57,2,,
482,0,0.81,0.65,2,,
483,0,0.81,0.73,2,,
484,0,0.81,0.81,2,,
485,0,0.81,0.89,2,,
486,0,0.81,0.97,2,,
487,0,0.81,1.05,2,,
488,0,0.81,1.13,2,,
489,0,0.81,1.21,2,,
490,0,0.81,1.29,2,,
491,0,0.81,1.37,2,,
492,0,0.81,1.45,2,,
493,0,0.81,1.52,2,,
494,0,0.81,1.6,3,,
495,0,0.81,1.68,3,,
496,0,0.81,1.76,3,,
497,0,0.81,1.84,3,,
498,0,0.81,1.92,3,,
499,0,0.81,2.0,3,,
500,0,0.85,0.1,2,,
501,0,0.85,0.18,2,,
502,0,0.85,0.26,2,,
503,0,0.85,0.34,2,,
504,0,0.85,0.42,2,,
505,0,0.85,0.5,2,,
506,0,0.85,0.57,2,,
507,0,0.85,0.65,2,,
508,0,0.85,0.73,2,,
509,0,0.85,0.81,2,,
510,0,0.85,0.89,2,,
511,0,0.85,0.97,2,,
512,0,0.85,1.05,2,,
513,0,0.85,1.13,2,,
514,0,0.85,1.21,2,,
515,0,0.85,1.29,2,,
516,0,0.85,1.37,2,,
517,0,0.85,1.45,2,,
518,0,0.85,1.52,2,,
519,0,0.85,1.6,3,,
520,0,0.85,1.68,3,,
521,0,0.85,1.76,3,,
522,0,0.85,1.84,3,,
523,0,0.85,1.92,3,,
524,0,0.85,2.0,3,,
525,0,0.89,0.1,2,,
526,0,0.89,0.18,2,,
527,0,0.89,0.26,2,,
528,0,0.89,0.34,2,,
529,0,0.89,0.42,2,,
530,0,0.89,0.5,2,,
531,0,0.89,0.57,2,,
532,0,0.89,0.65,2,,
533,0,0.89,0.73,2,,
534,0,0.89,0.81,2,,
535,0,0.89,0.89,2,,
536,0,0.89,0.97,2,,
537,0,0.89,1.05,2,,
538,0,0.89,1.13,2,,
539,0,0.89,1.21,2,,
540,0,0.89,1.29,2,,
541,0,0.89,1.37,2,,
542,0,0.89,1.45,2,,
543,0,0.89,1.52,2,,
544,0,0.89,1.6,3,,
545,0,0.89,1.68,3,,
546,0,0.89,1.76,3,,
547,0,0.89,1.84,3,,
548,0,0.89,1.92,3,,
549,0,0.89,2.0,3,,
550,0,0.92,0.1,2,,
551,0,0.92,0.18,2,,
552,0,0.92,0.26,2,,
553,0,0.92,0.34,2,,
554,0,0.92,0.42,2,,
555,0,0.92,0.5,2,,
556,0,0.92,0.57,2,,
557,0,0.92,0.65,2,,
558,0,0.92,0.73,2,,
559,0,0.92,0.81,2,,
560,0,0.92,0.89,2,,
561,0,0.92,0.97,2,,
562,0,0.92,1.05,2,,
563,0,0.92,1.13,2,,
564,0,0.92,1.21,2,,
565,0,0.92,1.29,2,,
566,0,0.92,1.37,2,,
567,0,0.92,1.45,2,,
568,0,0.92,1.52,2,,
569,0,0.92,1.6,3,,
570,0,0.92,1.68,3,,
571,0,0.92,1.76,3,,
572,0,0.92,1.84,3,,
573,0,0.92,1.92,3,,
574,0,0.92,2.0,3,,
575,0,0.96,0.1,2,,
576,0,0.96,0.18,2,,
577,0,0.96,0.26,2,,
578,0,0.96,0.34,2,,
579,0,0.96,0.42,2,,
580,0,0.96,0.5,2,,
581,0,0.96,0.57,2,,
582,0,0.96,0.65,2,,
583,0,0.96,0.73,2,,
584,0,0.96,0.81,2,,
585,0,0.96,0.89,2,,
586,0,0.96,0.97,2,,
587,0,0.96,1.05,2,,
588,0,0.96,1.13,2,,
589,0,0.96,1.21,2,,
590,0,0.96,1.29,2,,
591,0,0.96,1.37,2,,
592,0,0.96,1.45,2,,
593,0,0.96,1.52,2,,
594,0,0.96,1.6,3,,
595,0,0.96,1.68,3,,
596,0,0.96,1.76,3,,
597,0,0.96,1.84,3,,
598,0,0.96,1.92,3,,
599,0,0.96,2.0,3,,
600,0,1.0,0.1,2,,
601,0,1.0,0.18,2,,
602,0,1.0,0.26,2,,
603,0,1.0,0.34,2,,
604,0,1.0,0.42,2,,
605,0,1.0,0.5,2,,
606,0,1.0,0.57,2,,
607,0,1.0,0.65,2,,
608,0,1.0,0.73,2,,
609,0,1.0,0.81,2,,
610,0,1.0,0.89,2,,
611,0,1.0,0.97,2,,
612,0,1.0,1.05,2,,
613,0,1.0,1.13,2,,
614,0,1.0,1.21,2,,
615,0,1.0,1.29,2,,
616,0,1.0,1.37,2,,
617,0,1.0,1.45,2,,
618,0,1.0,1.52,2,,
619,0,1.0,1.6,3,,
620,0,1.0,1.68,3,,
621,0,1.0,1.76,3,,
622,0,1.0,1.84,3,,
623,0,1.0,1.92,3,,
624,0,1.0,2.0,3,,
625,0,0.14,0.1,2,0.0,
626,1,0.14,0.18,2,0.0,
627,2,0.14,0.26,2,0.0,
628,3,0.14,0.34,2,0.0,
629,4,0.14,0.42,2,0.0,
630,5,0.14,0.5,2,0.0,
631,6,0.14,0.57,2,0.0,
632,7,0.14,0.65,2,0.0,
633,8,0.14,0.73,2,0.0,
634,9,0.14,0.81,2,0.0,
635,10,0.14,0.89,2,0.0,
636,11,0.14,0.97,2,0.0,
637,12,0.14,1.05,2,0.0,
638,13,0.14,1.13,2,0.0,
639,14,0.14,1.21,2,0.0,
640,15,0.14,1.29,2,0.0,
641,16,0.14,1.37,2,0.0,
642,17,0.14,1.45,2,0.0,
643,18,0.14,1.52,2,0.0,
644,19,0.14,1.6,3,0.0,
645,20,0.14,1.68,3,0.0,
646,21,0.14,1.76,3,0.0,
647,22,0.14,1.84,3,0.0,
648,23,0.14,1.92,3,0.0,
649,24,0.14,2.0,3,0.0,
650,25,0.18,0.1,2,0.0,
651,26,0.18,0.18,2,0.0,
652,27,0.18,0.26,2,0.0,
653,28,0.18,0.34,2,0.0,
654,29,0.18,0.42,2,0.0,
655,30,0.18,0.5,2,0.0,
656,31,0.18,0.57,2,0.0,
657,32,0.18,0.65,2,0.0,
658,33,0.18,0.73,2,0.0,
659,34,0.18,0.81,2,0.0,
660,35,0.18,0.89,2,0.0,
661,36,0.18,0.97,2,0.0,
662,37,0.18,1.05,2,0.0,
663,38,0.18,1.13,2,0.0,
664,39,0.18,1.21,2,0.0,
665,40,0.18,1.29,2,0.0,
666,41,0.18,1.37,2,0.0,
667,42,0.18,1.45,2,0.0,
668,43,0.18,1.52,2,0.0,
669,44,0.18,1.6,3,0.0,
670,45,0.18,1.68,3,0.0,
671,46,0.18,1.76,3,0.0,
672,47,0.18,1.84,3,0.0,
673,48,0.18,1.92,3,0.0,
674,49,0.18,2.0,3,0.0,
675,50,0.1,0.1,2,0.0,
676,51,0.1,0.18,2,0.0,
677,52,0.1,0.26,2,0.0,
678,53,0.1,0.34,2,0.0,
679,54,0.1,0.42,2,0.0,
680,55,0.1,0.5,2,0.0,
681,56,0.1,0.57,2,0.0,
682,57,0.1,0.65,2,0.0,
683,58,0.1,0.73,2,0.0,
684,59,0.1,0.81,2,0.0,
685,60,0.1,0.89,2,0.0,
686,61,0.1,0.97,2,0.0,
687,62,0.1,1.05,2,0.0,
688,63,0.1,1.13,2,0.0,
689,64,0.1,1.21,2,0.0,
690,65,0.1,1.29,2,0.0,
691,66,0.1,1.37,2,0.0,
692,67,0.1,1.45,2,0.0,
693,68,0.1,1.52,2,0.0,
694,69,0.1,1.6,3,0.0,
695,70,0.1,1.68,3,0.0,
696,71,0.1,1.76,3,0.0,
697,72,0.1,1.84,3,0.0,
698,73,0.1,1.92,3,0.0,
699,74,0.1,2.0,3,0.0,
700,75,0.21,0.1,2,0.0,
701,76,0.21,0.18,2,0.0,
702,77,0.21,0.26,2,0.0,
703,78,0.21,0.34,2,0.0,
704,79,0.21,0.42,2,0.0,
705,80,0.21,0.5,2,0.0,
706,81,0.21,0.57,2,0.0,
707,82,0.21,0.65,2,0.0,
708,83,0.21,0.73,2,0.0,
709,84,0.21,0.81,2,0.0,
710,85,0.21,0.89,2,0.0,
711,86,0.21,0.97,2,0.0,
712,87,0.21,1.05,2,0.0,
713,88,0.21,1.13,2,0.0,
714,89,0.21,1.21,2,0.0,
715,90,0.21,1.29,2,0.0,
716,91,0.21,1.37,2,0.0,
717,92,0.21,1.45,2,0.0,
718,93,0.21,1.52,2,0.0,
719,94,0.21,1.6,3,0.0,
720,95,0.21,1.68,3,0.0,
721,96,0.21,1.76,3,0.0,
722,97,0.21,1.84,3,0.0,
723,98,0.21,1.92,3,0.0,
724,99,0.21,2.0,3,0.0,
725,100,0.25,0.1,2,0.0,
726,101,0.25,0.18,2,0.0,
727,102,0.25,0.26,2,0.0,
728,103,0.25,0.34,2,0.0,
729,104,0.25,0.42,2,0.0,
730,105,0.25,0.5,2,0.0,
731,106,0.25,0.57,2,0.0,
732,107,0.25,0.65,2,0.0,
733,108,0.25,0.73,2,0.0,
734,109,0.25,0.81,2,0.0,
735,110,0.25,0.89,2,0.0,
736,111,0.25,0.97,2,0.0,
737,112,0.25,1.05,2,0.0,
738,113,0.25,1.13,2,0.0,
739,114,0.25,1.21,2,0.0,
740,115,0.25,1.29,2,0.0,
741,116,0.25,1.37,2,0.0,
742,117,0.25,1.45,2,0.0,
743,118,0.25,1.52,2,0.0,
744,119,0.25,1.6,3,0.0,
745,120,0.25,1.68,3,0.0,
746,121,0.25,1.76,3,0.0,
747,122,0.25,1.84,3,0.0,
748,123,0.25,1.92,3,0.0,
749,124,0.25,2.0,3,0.0,
750,125,0.29,0.1,2,0.0,
751,126,0.29,0.18,2,0.0,
752,127,0.29,0.26,2,0.0,
753,128,0.29,0.34,2,0.0,
754,129,0.29,0.42,2,0.0,
755,130,0.29,0.5,2,0.0,
756,131,0.29,0.57,2,0.0,
757,132,0.29,0.65,2,0.0,
758,133,0.29,0.73,2,0.0,
759,134,0.29,0.81,2,0.0,
760,135,0.29,0.89,2,0.0,
761,136,0.29,0.97,2,0.0,
762,137,0.29,1.05,2,0.0,
763,138,0.29,1.13,2,0.0,
764,139,0.29,1.21,2,0.0,
765,140,0.29,1.29,2,0.0,
766,141,0.29,1.37,2,0.0,
767,142,0.29,1.45,2,0.0,
768,143,0.29,1.52,2,0.0,
769,144,0.29,1.6,3,0.0,
770,145,0.29,1.68,3,0.0,
771,146,0.29,1.76,3,0.0,
772,147,0.29,1.84,3,0.0,
773,148,0.29,1.92,3,0.0,
774,149,0.29,2.0,3,0.0,
775,150,0.32,0.1,2,0.0,
776,151,0.32,0.18,2,0.0,
777,152,0.32,0.26,2,0.0,
778,153,0.32,0.34,2,0.0,
779,154,0.32,0.42,2,0.0,
780,155,0.32,0.5,2,0.0,
781,156,0.32,0.57,2,0.0,
782,157,0.32,0.65,2,0.0,
783,158,0.32,0.73,2,0.0,
784,159,0.32,0.81,2,0.0,
785,160,0.32,0.89,2,0.0,
786,161,0.32,0.97,2,0.0,
787,162,0.32,1.05,2,0.0,
788,163,0.32,1.13,2,0.0,
789,164,0.32,1.21,2,0.0,
790,165,0.32,1.29,2,0.0,
791,166,0.32,1.37,2,0.0,
792,167,0.32,1.45,2,0.0,
793,168,0.32,1.52,2,0.0,
794,169,0.32,1.6,3,0.0,
795,170,0.32,1.68,3,0.0,
796,171,0.32,1.76,3,0.0,
797,172,0.32,1.84,3,0.0,
798,173,0.32,1.92,3,0.0,
799,174,0.32,2.0,3,0.0,
800,175,0.36,0.1,2,0.0,
801,176,0.36,0.18,2,0.0,
802,177,0.36,0.26,2,0.0,
803,178,0.36,0.34,2,0.0,
804,179,0.36,0.42,2,0.0,
805,180,0.36,0.5,2,0.0,
806,181,0.36,0.57,2,0.0,
807,182,0.36,0.65,2,0.0,
808,183,0.36,0.73,2,0.0,
809,184,0.36,0.81,2,0.0,
810,185,0.36,0.89,2,0.0,
811,186,0.36,0.97,2,0.0,
812,187,0.36,1.05,2,0.0,
813,188,0.36,1.13,2,0.0,
814,189,0.36,1.21,2,0.0,
815,190,0.36,1.29,2,0.0,
816,191,0.36,1.37,2,0.0,
817,192,0.36,1.45,2,0.0,
818,193,0.36,1.52,2,0.0,
819,194,0.36,1.6,3,0.0,
820,195,0.36,1.68,3,0.0,
821,196,0.36,1.76,3,0.0,
822,197,0.36,1.84,3,0.0,
823,198,0.36,1.92,3,0.0,
824,199,0.36,2.0,3,0.0,
825,200,0.44,0.1,2,0.0,
826,201,0.44,0.18,2,0.0,
827,202,0.44,0.26,2,0.0,
828,203,0.44,0.34,2,0.0,
829,204,0.44,0.42,2,0.0,
830,205,0.44,0.5,2,0.0,
831,206,0.44,0.57,2,0.0,
832,207,0.44,0.65,2,0.0,
833,208,0.44,0.73,2,0.0,
834,209,0.44,0.81,2,0.0,
835,210,0.44,0.89,2,0.0,
836,211,0.44,0.97,2,0.0,
837,212,0.44,1.05,2,0.0,
838,213,0.44,1.13,2,0.0,
839,214,0.44,1.21,2,0.0,
840,215,0.44,1.29,2,0.0,
841,216,0.44,1.37,2,0.0,
842,217,0.44,1.45,2,0.0,
843,218,0.44,1.52,2,0.0,
844,219,0.44,1.6,3,0.0,
845,220,0.44,1.68,3,0.0,
846,221,0.44,1.76,3,0.0,
847,222,0.44,1.84,3,0.0,
848,223,0.44,1.92,3,0.0,
849,224,0.44,2.0,3,0.0,
850,225,0.48,0.1,2,0.0,
851,226,0.48,0.18,2,0.0,
852,227,0.48,0.26,2,0.0,
853,228,0.48,0.34,2,0.0,
854,229,0.48,0.42,2,0.0,
855,230,0.48,0.5,2,0.0,
856,231,0.48,0.57,2,0.0,
857,232,0.48,0.65,2,0.0,
858,233,0.48,0.73,2,0.0,
859,234,0.48,0.81,2,0.0,
860,235,0.48,0.89,2,0.0,
861,236,0.48,0.97,2,0.0,
862,237,0.48,1.05,2,0.0,
863,238,0.48,1.13,2,0.0,
864,239,0.48,1.21,2,0.0,
865,240,0.48,1.29,2,0.0,
866,241,0.48,1.37,2,0.0,
867,242,0.48,1.45,2,0.0,
868,243,0.48,1.52,2,0.0,
869,244,0.48,1.6,3,0.0,
870,245,0.48,1.68,3,0.0,
871,246,0.48,1.76,3,0.0,
872,247,0.48,1.84,3,0.0,
873,248,0.48,1.92,3,0.0,
874,249,0.48,2.0,3,0.0,
875,250,0.4,0.1,2,0.0,
876,251,0.4,0.18,2,0.0,
877,252,0.4,0.26,2,0.0,
878,253,0.4,0.34,2,0.0,
879,254,0.4,0.42,2,0.0,
880,255,0.4,0.5,2,0.0,
881,256,0.4,0.57,2,0.0,
882,257,0.4,0.65,2,0.0,
883,258,0.4,0.73,2,0.0,
884,259,0.4,0.81,2,0.0,
885,260,0.4,0.89,2,0.0,
886,261,0.4,0.97,2,0.0,
887,262,0.4,1.05,2,0.0,
888,263,0.4,1.13,2,0.0,
889,264,0.4,1.21,2,0.0,
890,265,0.4,1.29,2,0.0,
891,266,0.4,1.37,2,0.0,
892,267,0.4,1.45,2,0.0,
893,268,0.4,1.52,2,0.0,
894,269,0.4,1.6,3,0.0,
895,270,0.4,1.68,3,0.0,
896,271,0.4,1.76,3,0.0,
897,272,0.4,1.84,3,0.0,
898,273,0.4,1.92,3,0.0,
899,274,0.4,2.0,3,0.0,
900,275,0.51,0.1,2,0.0,
901,276,0.51,0.18,2,0.0,
902,277,0.51,0.26,2,0.0,
903,278,0.51,0.34,2,0.0,
904,279,0.51,0.42,2,0.0,
905,280,0.51,0.5,2,0.0,
906,281,0.51,0.57,2,0.0,
907,282,0.51,0.65,2,0.0,
908,283,0.51,0.73,2,0.0,
909,284,0.51,0.81,2,0.0,
910,285,0.51,0.89,2,0.0,
911,286,0.51,0.97,2,0.0,
912,287,0.51,1.05,2,0.0,
913,288,0.51,1.13,2,0.0,
914,289,0.51,1.21,2,0.0,
915,290,0.51,1.29,2,0.0,
916,291,0.51,1.37,2,0.0,
917,292,0.51,1.45,2,0.0,
918,293,0.51,1.52,2,0.0,
919,294,0.51,1.6,3,0.0,
920,295,0.51,1.68,3,0.0,
921,296,0.51,1.76,3,0.0,
922,297,0.51,1.84,3,0.0,
923,298,0.51,1.92,3,0.0,
924,299,0.51,2.0,3,0.0,
925,300,0.55,0.1,2,0.0,
926,301,0.55,0.18,2,0.0,
927,302,0.55,0.26,2,0.0,
928,303,0.55,0.34,2,0.0,
929,304,0.55,0.42,2,0.0,
930,305,0.55,0.5,2,0.0,
931,306,0.55,0.57,2,0.0,
932,307,0.55,0.65,2,0.0,
933,308,0.55,0.73,2,0.0,
934,309,0.55,0.81,2,0.0,
935,310,0.55,0.89,2,0.0,
936,311,0.55,0.97,2,0.0,
937,312,0.55,1.05,2,0.0,
938,313,0.55,1.13,2,0.0,
939,314,0.55,1.21,2,0.0,
940,315,0.55,1.29,2,0.0,
941,316,0.55,1.37,2,0.0,
942,317,0.55,1.45,2,0.0,
943,318,0.55,1.52,2,0.0,
944,319,0.55,1.6,3,0.0,
945,320,0.55,1.68,3,0.0,
946,321,0.55,1.76,3,0.0,
947,322,0.55,1.84,3,0.0,
948,323,0.55,1.92,3,0.0,
949,324,0.55,2.0,3,0.0,
950,325,0.59,0.1,2,0.0,
951,326,0.59,0.18,2,0.0,
952,327,0.59,0.26,2,0.0,
953,328,0.59,0.34,2,0.0,
954,329,0.59,0.42,2,0.0,
955,330,0.59,0.5,2,0.0,
956,331,0.59,0.57,2,0.0,
957,332,0.59,0.65,2,0.0,
958,333,0.59,0.73,2,0.0,
959,334,0.59,0.81,2,0.0,
960,335,0.59,0.89,2,0.0,
961,336,0.59,0.97,2,0.0,
962,337,0.59,1.05,2,0.0,
963,338,0.59,1.13,2,0.0,
964,339,0.59,1.21,2,0.0,
965,340,0.59,1.29,2,0.0,
966,341,0.59,1.37,2,0.0,
967,342,0.59,1.45,2,0.0,
968,343,0.59,1.52,2,0.0,
969,344,0.59,1.6,3,0.0,
970,345,0.59,1.68,3,0.0,
971,346,0.59,1.76,3,0.0,
972,347,0.59,1.84,3,0.0,
973,348,0.59,1.92,3,0.0,
974,349,0.59,2.0,3,0.0,
975,350,0.62,0.1,2,0.0,
976,351,0.62,0.18,2,0.0,
977,352,0.62,0.26,2,0.0,
978,353,0.62,0.34,2,0.0,
979,354,0.62,0.42,2,0.0,
980,355,0.62,0.5,2,0.0,
981,356,0.62,0.57,2,0.0,
982,357,0.62,0.65,2,0.0,
983,358,0.62,0.73,2,0.0,
984,359,0.62,0.81,2,0.0,
985,360,0.62,0.89,2,0.0,
986,361,0.62,0.97,2,0.0,
987,362,0.62,1.05,2,0.0,
988,363,0.62,1.13,2,0.0,
989,364,0.62,1.21,2,0.0,
990,365,0.62,1.29,2,0.0,
991,366,0.62,1.37,2,0.0,
992,367,0.62,1.45,2,0.0,
993,368,0.62,1.52,2,0.0,
994,369,0.62,1.6,3,0.0,
995,370,0.62,1.68,3,0.0,
996,371,0.62,1.76,3,0.0,
997,372,0.62,1.84,3,0.0,
998,373,0.62,1.92,3,0.0,
999,374,0.62,2.0,3,0.0,
1000,375,0.66,0.1,2,0.0,
1001,376,0.66,0.18,2,0.0,
1002,377,0.66,0.26,2,0.0,
1003,378,0.66,0.34,2,0.0,
1004,379,0.66,0.42,2,0.0,
1005,380,0.66,0.5,2,0.0,
1006,381,0.66,0.57,2,0.0,
1007,382,0.66,0.65,2,0.0,
1008,383,0.66,0.73,2,0.0,
1009,384,0.66,0.81,2,0.0,
1010,385,0.66,0.89,2,0.0,
1011,386,0.66,0.97,2,0.0,
1012,387,0.66,1.05,2,0.0,
1013,388,0.66,1.13,2,0.0,
1014,389,0.66,1.21,2,0.0,
1015,390,0.66,1.29,2,0.0,
1016,391,0.66,1.37,2,0.0,
1017,392,0.66,1.45,2,0.0,
1018,393,0.66,1.52,2,0.0,
1019,394,0.66,1.6,3,0.0,
1020,395,0.66,1.68,3,0.0,
1021,396,0.66,1.76,3,0.0,
1022,397,0.66,1.84,3,0.0,
1023,398,0.66,1.92,3,0.0,
1024,399,0.66,2.0,3,0.0,
1025,400,0.74,0.1,2,0.0,
1026,401,0.74,0.18,2,0.0,
1027,402,0.74,0.26,2,0.0,
1028,403,0.74,0.34,2,0.0,
1029,404,0.74,0.42,2,0.0,
1030,405,0.74,0.5,2,0.0,
1031,406,0.74,0.57,2,0.0,
1032,407,0.74,0.65,2,0.0,
1033,408,0.74,0.73,2,0.0,
1034,409,0.74,0.81,2,0.0,
1035,410,0.74,0.89,2,0.0,
1036,411,0.74,0.97,2,0.0,
1037,412,0.74,1.05,2,0.0,
1038,413,0.74,1.13,2,0.0,
1039,414,0.74,1.21,2,0.0,
1040,415,0.74,1.29,2,0.0,
1041,416,0.74,1.37,2,0.0,
1042,417,0.74,1.45,2,0.0,
1043,418,0.74,1.52,2,0.0,
1044,419,0.74,1.6,3,0.0,
1045,420,0.74,1.68,3,0.0,
1046,421,0.74,1.76,3,0.0,
1047,422,0.74,1.84,3,0.0,
1048,423,0.74,1.92,3,0.0,
1049,424,0.74,2.0,3,0.0,
1050,425,0.77,0.1,2,0.0,
1051,426,0.77,0.18,2,0.0,
1052,427,0.77,0.26,2,0.0,
1053,428,0.77,0.34,2,0.0,
1054,429,0.77,0.42,2,0.0,
1055,430,0.77,0.5,2,0.0,
1056,431,0.77,0.57,2,0.0,
1057,432,0.77,0.65,2,0.0,
1058,433,0.77,0.73,2,0.0,
1059,434,0.77,0.81,2,0.0,
1060,435,0.77,0.89,2,0.0,
1061,436,0.77,0.97,2,0.0,
1062,437,0.77,1.05,2,0.0,
1063,438,0.77,1.13,2,0.0,
1064,439,0.77,1.21,2,0.0,
1065,440,0.77,1.29,2,0.0,
1066,441,0.77,1.37,2,0.0,
1067,442,0.77,1.45,2,0.0,
1068,443,0.77,1.52,2,0.0,
1069,444,0.77,1.6,3,0.0,
1070,445,0.77,1.68,3,0.0,
1071,446,0.77,1.76,3,0.0,
1072,447,0.77,1.84,3,0.0,
1073,448,0.77,1.92,3,0.0,
1074,449,0.77,2.0,3,0.0,
1075,450,0.7,0.1,2,0.0,
1076,451,0.7,0.18,2,0.0,
1077,452,0.7,0.26,2,0.0,
1078,453,0.7,0.34,2,0.0,
1079,454,0.7,0.42,2,0.0,
1080,455,0.7,0.5,2,0.0,
1081,456,0.7,0.57,2,0.0,
1082,457,0.7,0.65,2,0.0,
1083,458,0.7,0.73,2,0.0,
1084,459,0.7,0.81,2,0.0,
1085,460,0.7,0.89,2,0.0,
1086,461,0.7,0.97,2,0.0,
1087,462,0.7,1.05,2,0.0,
1088,463,0.7,1.13,2,0.0,
1089,464,0.7,1.21,2,0.0,
1090,465,0.7,1.29,2,0.0,
1091,466,0.7,1.37,2,0.0,
1092,467,0.7,1.45,2,0.0,
1093,468,0.7,1.52,2,0.0,
1094,469,0.7,1.6,3,0.0,
1095,470,0.7,1.68,3,0.0,
1096,471,0.7,1.76,3,0.0,
1097,472,0.7,1.84,3,0.0,
1098,473,0.7,1.92,3,0.0,
1099,474,0.7,2.0,3,0.0,
1100,475,0.81,0.1,2,0.0,
1101,476,0.81,0.18,2,0.0,
1102,477,0.81,0.26,2,0.0,
1103,478,0.81,0.34,2,0.0,
1104,479,0.81,0.42,2,0.0,
1105,480,0.81,0.5,2,0.0,
1106,481,0.81,0.57,2,0.0,
1107,482,0.81,0.65,2,0.0,
1108,483,0.81,0.73,2,0.0,
1109,484,0.81,0.81,2,0.0,
1110,485,0.81,0.89,2,0.0,
1111,486,0.81,0.97,2,0.0,
1112,487,0.81,1.05,2,0.0,
1113,488,0.81,1.13,2,0.0,
1114,489,0.81,1.21,2,0.0,
1115,490,0.81,1.29,2,0.0,
1116,491,0.81,1.37,2,0.0,
1117,492,0.81,1.45,2,0.0,
1118,493,0.81,1.52,2,0.0,
1119,494,0.81,1.6,3,0.0,
1120,495,0.81,1.68,3,0.0,
1121,496,0.81,1.76,3,0.0,
1122,497,0.81,1.84,3,0.0,
1123,498,0.81,1.92,3,0.0,
1124,499,0.81,2.0,3,0.0,
1125,500,0.85,0.1,2,0.0,
1126,501,0.85,0.18,2,0.0,
1127,502,0.85,0.26,2,0.0,
1128,503,0.85,0.34,2,0.0,
1129,504,0.85,0.42,2,0.0,
1130,505,0.85,0.5,2,0.0,
1131,506,0.85,0.57,2,0.0,
1132,507,0.85,0.65,2,0.0,
1133,508,0.85,0.73,2,0.0,
1134,509,0.85,0.81,2,0.0,
1135,510,0.85,0.89,2,0.0,
1136,511,0.85,0.97,2,0.0,
1137,512,0.85,1.05,2,0.0,
1138,513,0.85,1.13,2,0.0,
1139,514,0.85,1.21,2,0.0,
1140,515,0.85,1.29,2,0.0,
1141,516,0.85,1.37,2,0.0,
1142,517,0.85,1.45,2,0.0,
1143,518,0.85,1.52,2,0.0,
1144,519,0.85,1.6,3,0.0,
1145,520,0.85,1.68,3,0.0,
1146,521,0.85,1.76,3,0.0,
1147,522,0.85,1.84,3,0.0,
1148,523,0.85,1.92,3,0.0,
1149,524,0.85,2.0,3,0.0,
1150,525,0.89,0.1,2,0.0,
1151,526,0.89,0.18,2,0.0,
1152,527,0.89,0.26,2,0.0,
1153,528,0.89,0.34,2,0.0,
1154,529,0.89,0.42,2,0.0,
1155,530,0.89,0.5,2,0.0,
1156,531,0.89,0.57,2,0.0,
1157,532,0.89,0.65,2,0.0,
1158,533,0.89,0.73,2,0.0,
1159,534,0.89,0.81,2,0.0,
1160,535,0.89,0.89,2,0.0,
1161,536,0.89,0.97,2,0.0,
1162,537,0.89,1.05,2,0.0,
1163,538,0.89,1.13,2,0.0,
1164,539,0.89,1.21,2,0.0,
1165,540,0.89,1.29,2,0.0,
1166,541,0.89,1.37,2,0.0,
1167,542,0.89,1.45,2,0.0,
1168,543,0.89,1.52,2,0.0,
1169,544,0.89,1.6,3,0.0,
1170,545,0.89,1.68,3,0.0,
1171,546,0.89,1.76,3,0.0,
1172,547,0.89,1.84,3,0.0,
1173,548,0.89,1.92,3,0.0,
1174,549,0.89,2.0,3,0.0,
1175,550,0.92,0.1,2,0.0,
1176,551,0.92,0.18,2,0.0,
1177,552,0.92,0.26,2,0.0,
1178,553,0.92,0.34,2,0.0,
1179,554,0.92,0.42,2,0.0,
1180,555,0.92,0.5,2,0.0,
1181,556,0.92,0.57,2,0.0,
1182,557,0.92,0.65,2,0.0,
1183,558,0.92,0.73,2,0.0,
1184,559,0.92,0.81,2,0.0,
1185,560,0.92,0.89,2,0.0,
1186,561,0.92,0.97,2,0.0,
1187,562,0.92,1.05,2,0.0,
1188,563,0.92,1.13,2,0.0,
1189,564,0.92,1.21,2,0.0,
1190,565,0.92,1.29,2,0.0,
1191,566,0.92,1.37,2,0.0,
1192,567,0.92,1.45,2,0.0,
1193,568,0.92,1.52,2,0.0,
1194,569,0.92,1.6,3,0.0,
1195,570,0.92,1.68,3,0.0,
1196,571,0.92,1.76,3,0.0,
1197,572,0.92,1.84,3,0.0,
1198,573,0.92,1.92,3,0.0,
1199,574,0.92,2.0,3,0.0,
1200,575,0.96,0.1,2,0.0,
1201,576,0.96,0.18,2,0.0,
1202,577,0.96,0.26,2,0.0,
1203,578,0.96,0.34,2,0.0,
1204,579,0.96,0.42,2,0.0,
1205,580,0.96,0.5,2,0.0,
1206,581,0.96,0.57,2,0.0,
1207,582,0.96,0.65,2,0.0,
1208,583,0.96,0.73,2,0.0,
1209,584,0.96,0.81,2,0.0,
1210,585,0.96,0.89,2,0.0,
1211,586,0.96,0.97,2,0.0,
1212,587,0.96,1.05,2,0.0,
1213,588,0.96,1.13,2,0.0,
1214,589,0.96,1.21,2,0.0,
1215,590,0.96,1.29,2,0.0,
1216,591,0.96,1.37,2,0.0,
1217,592,0.96,1.45,2,0.0,
1218,593,0.96,1.52,2,0.0,
1219,594,0.96,1.6,3,0.0,
1220,595,0.96,1.68,3,0.0,
1221,596,0.96,1.76,3,0.0,
1222,597,0.96,1.84,3,0.0,
1223,598,0.96,1.92,3,0.0,
1224,599,0.96,2.0,3,0.0,
1225,600,1.0,0.1,2,0.0,
1226,601,1.0,0.18,2,0.0,
1227,602,1.0,0.26,2,0.0,
1228,603,1.0,0.34,2,0.0,
1229,604,1.0,0.42,2,0.0,
1230,605,1.0,0.5,2,0.0,
1231,606,1.0,0.57,2,0.0,
1232,607,1.0,0.65,2,0.0,
1233,608,1.0,0.73,2,0.0,
1234,609,1.0,0.81,2,0.0,
1235,610,1.0,0.89,2,0.0,
1236,611,1.0,0.97,2,0.0,
1237,612,1.0,1.05,2,0.0,
1238,613,1.0,1.13,2,0.0,
1239,614,1.0,1.21,2,0.0,
1240,615,1.0,1.29,2,0.0,
1241,616,1.0,1.37,2,0.0,
1242,617,1.0,1.45,2,0.0,
1243,618,1.0,1.52,2,0.0,
1244,619,1.0,1.6,3,0.0,
1245,620,1.0,1.68,3,0.0,
1246,621,1.0,1.76,3,0.0,
1247,622,1.0,1.84,3,0.0,
1248,623,1.0,1.92,3,0.0,
1249,624,1.0,2.0,3,0.0,
1250,625,0.14,0.1,0,0.0,0.0
1251,626,0.14,0.18,0,1.0,0.0
1252,627,0.14,0.26,0,2.0,0.0
1253,628,0.14,0.34,0,3.0,0.0
1254,629,0.14,0.42,0,4.0,0.0
1255,630,0.14,0.5,0,5.0,0.0
1256,631,0.14,0.57,0,6.0,0.0
1257,632,0.14,0.65,0,7.0,0.0
1258,633,0.14,0.73,0,8.0,0.0
1259,634,0.14,0.81,0,9.0,0.0
1260,635,0.14,0.89,0,10.0,0.0
1261,636,0.14,0.97,0,11.0,0.0
1262,637,0.14,1.05,0,12.0,0.0
1263,638,0.14,1.13,0,13.0,0.0
1264,639,0.14,1.21,0,14.0,0.0
1265,640,0.14,1.29,0,15.0,0.0
1266,641,0.14,1.37,0,16.0,0.0
1267,642,0.14,1.45,0,17.0,0.0
1268,643,0.14,1.52,0,18.0,0.0
1269,644,0.14,1.6,0,19.0,0.0
1270,645,0.14,1.68,0,20.0,0.0
1271,646,0.14,1.76,0,21.0,0.0
1272,647,0.14,1.84,0,22.0,0.0
1273,648,0.14,1.92,0,23.0,0.0
1274,649,0.14,2.0,0,24.0,0.0
1275,650,0.18,0.1,2,25.0,0.0
1276,651,0.18,0.18,0,26.0,0.0
1277,652,0.18,0.26,0,27.0,0.0
1278,653,0.18,0.34,0,28.0,0.0
1279,654,0.18,0.42,0,29.0,0.0
1280,655,0.18,0.5,0,30.0,0.0
1281,656,0.18,0.57,0,31.0,0.0
1282,657,0.18,0.65,0,32.0,0.0
1283,658,0.18,0.73,0,33.0,0.0
1284,659,0.18,0.81,0,34.0,0.0
1285,660,0.18,0.89,0,35.0,0.0
1286,661,0.18,0.97,0,36.0,0.0
1287,662,0.18,1.05,0,37.0,0.0
1288,663,0.18,1.13,0,38.0,0.0
1289,664,0.18,1.21,0,39.0,0.0
1290,665,0.18,1.29,0,40.0,0.0
1291,666,0.18,1.37,0,41.0,0.0
1292,667,0.18,1.45,0,42.0,0.0
1293,668,0.18,1.52,0,43.0,0.0
1294,669,0.18,1.6,0,44.0,0.0
1295,670,0.18,1.68,0,45.0,0.0
1296,671,0.18,1.76,0,46.0,0.0
1297,672,0.18,1.84,0,47.0,0.0
1298,673,0.18,1.92,0,48.0,0.0
1299,674,0.18,2.0,0,49.0,0.0
1300,675,0.1,0.1,0,50.0,0.0
1301,676,0.1,0.18,0,51.0,0.0
1302,677,0.1,0.26,0,52.0,0.0
1303,678,0.1,0.34,0,53.0,0.0
1304,679,0.1,0.42,0,54.0,0.0
1305,680,0.1,0.5,0,55.0,0.0
1306,681,0.1,0.57,0,56.0,0.0
1307,682,0.1,0.65,0,57.0,0.0
1308,683,0.1,0.73,0,58.0,0.0
1309,684,0.1,0.81,0,59.0,0.0
1310,685,0.1,0.89,0,60.0,0.0
1311,686,0.1,0.97,0,61.0,0.0
1312,687,0.1,1.05,0,62.0,0.0
1313,688,0.1,1.13,0,63.0,0.0
1314,689,0.1,1.21,0,64.0,0.0
1315,690,0.1,1.29,0,65.0,0.0
1316,691,0.1,1.37,0,66.0,0.0
1317,692,0.1,1.45,0,67.0,0.0
1318,693,0.1,1.52,0,68.0,0.0
1319,694,0.1,1.6,0,69.0,0.0
1320,695,0.1,1.68,0,70.0,0.0
1321,696,0.1,1.76,0,71.0,0.0
1322,697,0.1,1.84,0,72.0,0.0
1323,698,0.1,1.92,0,73.0,0.0
1324,699,0.1,2.0,0,74.0,0.0
1325,700,0.21,0.1,2,75.0,0.0
1326,701,0.21,0.18,2,76.0,0.0
1327,702,0.21,0.26,0,77.0,0.0
1328,703,0.21,0.34,0,78.0,0.0
1329,704,0.21,0.42,0,79.0,0.0
1330,705,0.21,0.5,0,80.0,0.0
1331,706,0.21,0.57,0,81.0,0.0
1332,707,0.21,0.65,0,82.0,0.0
1333,708,0.21,0.73,0,83.0,0.0
1334,709,0.21,0.81,0,84.0,0.0
1335,710,0.21,0.89,0,85.0,0.0
1336,711,0.21,0.97,0,86.0,0.0
1337,712,0.21,1.05,0,87.0,0.0
1338,713,0.21,1.13,0,88.0,0.0
1339,714,0.21,1.21,0,89.0,0.0
1340,715,0.21,1.29,0,90.0,0.0
1341,716,0.21,1.37,0,91.0,0.0
1342,717,0.21,1.45,0,92.0,0.0
1343,718,0.21,1.52,0,93.0,0.0
1344,719,0.21,1.6,0,94.0,0.0
1345,720,0.21,1.68,0,95.0,0.0
1346,721,0.21,1.76,0,96.0,0.0
1347,722,0.21,1.84,0,97.0,0.0
1348,723,0.21,1.92,0,98.0,0.0
1349,724,0.21,2.0,0,99.0,0.0
1350,725,0.25,0.1,2,100.0,0.0
1351,726,0.25,0.18,2,101.0,0.0
1352,727,0.25,0.26,2,102.0,0.0
1353,728,0.25,0.34,2,103.0,0.0
1354,729,0.25,0.42,2,104.0,0.0
1355,730,0.25,0.5,0,105.0,0.0
1356,731,0.25,0.57,0,106.0,0.0
1357,732,0.25,0.65,0,107.0,0.0
1358,733,0.25,0.73,0,108.0,0.0
1359,734,0.25,0.81,0,109.0,0.0
1360,735,0.25,0.89,0,110.0,0.0
1361,736,0.25,0.97,0,111.0,0.0
1362,737,0.25,1.05,0,112.0,0.0
1363,738,0.25,1.13,0,113.0,0.0
1364,739,0.25,1.21,0,114.0,0.0
1365,740,0.25,1.29,0,115.0,0.0
1366,741,0.25,1.37,0,116.0,0.0
1367,742,0.25,1.45,0,117.0,0.0
1368,743,0.25,1.52,0,118.0,0.0
1369,744,0.25,1.6,0,119.0,0.0
1370,745,0.25,1.68,0,120.0,0.0
1371,746,0.25,1.76,0,121.0,0.0
1372,747,0.25,1.84,0,122.0,0.0
1373,748,0.25,1.92,0,123.0,0.0
1374,749,0.25,2.0,0,124.0,0.0
1375,750,0.29,0.1,2,125.0,0.0
1376,751,0.29,0.18,2,126.0,0.0
1377,752,0.29,0.26,2,127.0,0.0
1378,753,0.29,0.34,2,128.0,0.0
1379,754,0.29,0.42,2,129.0,0.0
1380,755,0.29,0.5,2,130.0,0.0
1381,756,0.29,0.57,2,131.0,0.0
1382,757,0.29,0.65,2,132.0,0.0
1383,758,0.29,0.73,0,133.0,0.0
1384,759,0.29,0.81,0,134.0,0.0
1385,760,0.29,0.89,0,135.0,0.0
1386,761,0.29,0.97,0,136.0,0.0
1387,762,0.29,1.05,0,137.0,0.0
1388,763,0.29,1.13,0,138.0,0.0
1389,764,0.29,1.21,0,139.0,0.0
1390,765,0.29,1.29,0,140.0,0.0
1391,766,0.29,1.37,0,141.0,0.0
1392,767,0.29,1.45,0,142.0,0.0
1393,768,0.29,1.52,0,143.0,0.0
1394,769,0.29,1.6,0,144.0,0.0
1395,770,0.29,1.68,0,145.0,0.0
1396,771,0.29,1.76,0,146.0,0.0
1397,772,0.29,1.84,0,147.0,0.0
1398,773,0.29,1.92,0,148.0,0.0
1399,774,0.29,2.0,0,149.0,0.0
1400,775,0.32,0.1,2,150.0,0.0
1401,776,0.32,0.18,2,151.0,0.0
1402,777,0.32,0.26,2,152.0,0.0
1403,778,0.32,0.34,2,153.0,0.0
1404,779,0.32,0.42,2,154.0,0.0
1405,780,0.32,0.5,2,155.0,0.0
1406,781,0.32,0.57,2,156.0,0.0
1407,782,0.32,0.65,2,157.0,0.0
1408,783,0.32,0.73,2,158.0,0.0
1409,784,0.32,0.81,2,159.0,0.0
1410,785,0.32,0.89,2,160.0,0.0
1411,786,0.32,0.97,2,161.0,0.0
1412,787,0.32,1.05,0,162.0,0.0
1413,788,0.32,1.13,0,163.0,0.0
1414,789,0.32,1.21,0,164.0,0.0
1415,790,0.32,1.29,0,165.0,0.0
1416,791,0.32,1.37,0,166.0,0.0
1417,792,0.32,1.45,0,167.0,0.0
1418,793,0.32,1.52,0,168.0,0.0
1419,794,0.32,1.6,0,169.0,0.0
1420,795,0.32,1.68,0,170.0,0.0
1421,796,0.32,1.76,0,171.0,0.0
1422,797,0.32,1.84,0,172.0,0.0
1423,798,0.32,1.92,0,173.0,0.0
1424,799,0.32,2.0,0,174.0,0.0
1425,800,0.36,0.1,2,175.0,0.0
1426,801,0.36,0.18,2,176.0,0.0
1427,802,0.36,0.26,2,177.0,0.0
1428,803,0.36,0.34,2,178.0,0.0
1429,804,0.36,0.42,2,179.0,0.0
1430,805,0.36,0.5,2,180.0,0.0
1431,806,0.36,0.57,2,181.0,0.0
1432,807,0.36,0.65,2,182.0,0.0
1433,808,0.36,0.73,2,183.0,0.0
1434,809,0.36,0.81,2,184.0,0.0
1435,810,0.36,0.89,2,185.0,0.0
1436,811,0.36,0.97,2,186.0,0.0
1437,812,0.36,1.05,2,187.0,0.0
1438,813,0.36,1.13,2,188.0,0.0
1439,814,0.36,1.21,2,189.0,0.0
1440,815,0.36,1.29,2,190.0,0.0
1441,816,0.36,1.37,0,191.0,0.0
1442,817,0.36,1.45,0,192.0,0.0
1443,818,0.36,1.52,0,193.0,0.0
1444,819,0.36,1.6,0,194.0,0.0
1445,820,0.36,1.68,0,195.0,0.0
1446,821,0.36,1.76,0,196.0,0.0
1447,822,0.36,1.84,0,197.0,0.0
1448,823,0.36,1.92,0,198.0,0.0
1449,824,0.36,2.0,0,199.0,0.0
1450,825,0.44,0.1,2,200.0,0.0
1451,826,0.44,0.18,2,201.0,0.0
1452,827,0.44,0.26,2,202.0,0.0
1453,828,0.44,0.34,2,203.0,0.0
1454,829,0.44,0.42,2,204.0,0.0
1455,830,0.44,0.5,2,205.0,0.0
1456,831,0.44,0.57,2,206.0,0.0
1457,832,0.44,0.65,2,207.0,0.0
1458,833,0.44,0.73,2,208.0,0.0
1459,834,0.44,0.81,2,209.0,0.0
1460,835,0.44,0.89,2,210.0,0.0
1461,836,0.44,0.97,2,211.0,0.0
1462,837,0.44,1.05,2,212.0,0.0
1463,838,0.44,1.13,2,213.0,0.0
1464,839,0.44,1.21,2,214.0,0.0
1465,840,0.44,1.29,2,215.0,0.0
1466,841,0.44,1.37,2,216.0,0.0
1467,842,0.44,1.45,2,217.0,0.0
1468,843,0.44,1.52,2,218.0,0.0
1469,844,0.44,1.6,2,219.0,0.0
1470,845,0.44,1.68,2,220.0,0.0
1471,846,0.44,1.76,2,221.0,0.0
1472,847,0.44,1.84,2,222.0,0.0
1473,848,0.44,1.92,2,223.0,0.0
1474,849,0.44,2.0,2,224.0,0.0
1475,850,0.48,0.1,2,225.0,0.0
1476,851,0.48,0.18,2,226.0,0.0
1477,852,0.48,0.26,2,227.0,0.0
1478,853,0.48,0.34,2,228.0,0.0
1479,854,0.48,0.42,2,229.0,0.0
1480,855,0.48,0.5,2,230.0,0.0
1481,856,0.48,0.57,2,231.0,0.0
1482,857,0.48,0.65,2,232.0,0.0
1483,858,0.48,0.73,2,233.0,0.0
1484,859,0.48,0.81,2,234.0,0.0
1485,860,0.48,0.89,2,235.0,0.0
1486,861,0.48,0.97,2,236.0,0.0
1487,862,0.48,1.05,2,237.0,0.0
1488,863,0.48,1.13,2,238.0,0.0
1489,864,0.48,1.21,2,239.0,0.0
1490,865,0.48,1.29,2,240.0,0.0
1491,866,0.48,1.37,2,241.0,0.0
1492,867,0.48,1.45,2,242.0,0.0
1493,868,0.48,1.52,2,243.0,0.0
1494,869,0.48,1.6,2,244.0,0.0
1495,870,0.48,1.68,2,245.0,0.0
1496,871,0.48,1.76,2,246.0,0.0
1497,872,0.48,1.84,2,247.0,0.0
1498,873,0.48,1.92,2,248.0,0.0
1499,874,0.48,2.0,2,249.0,0.0
1500,875,0.4,0.1,2,250.0,0.0
1501,876,0.4,0.18,2,251.0,0.0
1502,877,0.4,0.26,2,252.0,0.0
1503,878,0.4,0.34,2,253.0,0.0
1504,879,0.4,0.42,2,254.0,0.0
1505,880,0.4,0.5,2,255.0,0.0
1506,881,0.4,0.57,2,256.0,0.0
1507,882,0.4,0.65,2,257.0,0.0
1508,883,0.4,0.73,2,258.0,0.0
1509,884,0.4,0.81,2,259.0,0.0
1510,885,0.4,0.89,2,260.0,0.0
1511,886,0.4,0.97,2,261.0,0.0
1512,887,0.4,1.05,2,262.0,0.0
1513,888,0.4,1.13,2,263.0,0.0
1514,889,0.4,1.21,2,264.0,0.0
1515,890,0.4,1.29,2,265.0,0.0
1516,891,0.4,1.37,2,266.0,0.0
1517,892,0.4,1.45,2,267.0,0.0
1518,893,0.4,1.52,2,268.0,0.0
1519,894,0.4,1.6,2,269.0,0.0
1520,895,0.4,1.68,2,270.0,0.0
1521,896,0.4,1.76,2,271.0,0.0
1522,897,0.4,1.84,0,272.0,0.0
1523,898,0.4,1.92,0,273.0,0.0
1524,899,0.4,2.0,0,274.0,0.0
1525,900,0.51,0.1,2,275.0,0.0
1526,901,0.51,0.18,2,276.0,0.0
1527,902,0.51,0.26,2,277.0,0.0
1528,903,0.51,0.34,2,278.0,0.0
1529,904,0.51,0.42,2,279.0,0.0
1530,905,0.51,0.5,2,280.0,0.0
1531,906,0.51,0.57,2,281.0,0.0
1532,907,0.51,0.65,2,282.0,0.0
1533,908,0.51,0.73,2,283.0,0.0
1534,909,0.51,0.81,2,284.0,0.0
1535,910,0.51,0.89,2,285.0,0.0
1536,911,0.51,0.97,2,286.0,0.0
1537,912,0.51,1.05,2,287.0,0.0
1538,913,0.51,1.13,2,288.0,0.0
1539,914,0.51,1.21,2,289.0,0.0
1540,915,0.51,1.29,2,290.0,0.0
1541,916,0.51,1.37,2,291.0,0.0
1542,917,0.51,1.45,2,292.0,0.0
1543,918,0.51,1.52,2,293.0,0.0
1544,919,0.51,1.6,2,294.0,0.0
1545,920,0.51,1.68,2,295.0,0.0
1546,921,0.51,1.76,2,296.0,0.0
1547,922,0.51,1.84,2,297.0,0.0
1548,923,0.51,1.92,2,298.0,0.0
1549,924,0.51,2.0,2,299.0,0.0
1550,925,0.55,0.1,2,300.0,0.0
1551,926,0.55,0.18,2,301.0,0.0
1552,927,0.55,0.26,2,302.0,0.0
1553,928,0.55,0.34,2,303.0,0.0
1554,929,0.55,0.42,2,304.0,0.0
1555,930,0.55,0.5,2,305.0,0.0
1556,931,0.55,0.57,2,306.0,0.0
1557,932,0.55,0.65,2,307.0,0.0
1558,933,0.55,0.73,2,308.0,0.0
1559,934,0.55,0.81,2,309.0,0.0
1560,935,0.55,0.89,2,310.0,0.0
1561,936,0.55,0.97,2,311.0,0.0
1562,937,0.55,1.05,2,312.0,0.0
1563,938,0.55,1.13,2,313.0,0.0
1564,939,0.55,1.21,2,314.0,0.0
1565,940,0.55,1.29,2,315.0,0.0
1566,941,0.55,1.37,2,316.0,0.0
1567,942,0.55,1.45,2,317.0,0.0
1568,943,0.55,1.52,2,318.0,0.0
1569,944,0.55,1.6,2,319.0,0.0
1570,945,0.55,1.68,2,320.0,0.0
1571,946,0.55,1.76,2,321.0,0.0
1572,947,0.55,1.84,2,322.0,0.0
1573,948,0.55,1.92,2,323.0,0.0
1574,949,0.55,2.0,2,324.0,0.0
1575,950,0.59,0.1,2,325.0,0.0
1576,951,0.59,0.18,2,326.0,0.0
1577,952,0.59,0.26,2,327.0,0.0
1578,953,0.59,0.34,2,328.0,0.0
1579,954,0.59,0.42,2,329.0,0.0
1580,955,0.59,0.5,2,330.0,0.0
1581,956,0.59,0.57,2,331.0,0.0
1582,957,0.59,0.65,2,332.0,0.0
1583,958,0.59,0.73,2,333.0,0.0
1584,959,0.59,0.81,2,334.0,0.0
1585,960,0.59,0.89,2,335.0,0.0
1586,961,0.59,0.97,2,336.0,0.0
1587,962,0.59,1.05,2,337.0,0.0
1588,963,0.59,1.13,2,338.0,0.0
1589,964,0.59,1.21,2,339.0,0.0
1590,965,0.59,1.29,2,340.0,0.0
1591,966,0.59,1.37,2,341.0,0.0
1592,967,0.59,1.45,2,342.0,0.0
1593,968,0.59,1.52,2,343.0,0.0
1594,969,0.59,1.6,2,344.0,0.0
1595,970,0.59,1.68,2,345.0,0.0
1596,971,0.59,1.76,2,346.0,0.0
1597,972,0.59,1.84,2,347.0,0.0
1598,973,0.59,1.92,2,348.0,0.0
1599,974,0.59,2.0,2,349.0,0.0
1600,975,0.62,0.1,2,350.0,0.0
1601,976,0.62,0.18,2,351.0,0.0
1602,977,0.62,0.26,2,352.0,0.0
1603,978,0.62,0.34,2,353.0,0.0
1604,979,0.62,0.42,2,354.0,0.0
1605,980,0.62,0.5,2,355.0,0.0
1606,981,0.62,0.57,2,356.0,0.0
1607,982,0.62,0.65,2,357.0,0.0
1608,983,0.62,0.73,2,358.0,0.0
1609,984,0.62,0.81,2,359.0,0.0
1610,985,0.62,0.89,2,360.0,0.0
1611,986,0.62,0.97,2,361.0,0.0
1612,987,0.62,1.05,2,362.0,0.0
1613,988,0.62,1.13,2,363.0,0.0
1614,989,0.62,1.21,2,364.0,0.0
1615,990,0.62,1.29,2,365.0,0.0
1616,991,0.62,1.37,2,366.0,0.0
1617,992,0.62,1.45,2,367.0,0.0
1618,993,0.62,1.52,2,368.0,0.0
1619,994,0.62,1.6,2,369.0,0.0
1620,995,0.62,1.68,2,370.0,0.0
1621,996,0.62,1.76,2,371.0,0.0
1622,997,0.62,1.84,2,372.0,0.0
1623,998,0.62,1.92,2,373.0,0.0
1624,999,0.62,2.0,2,374.0,0.0
1625,1000,0.66,0.1,2,375.0,0.0
1626,1001,0.66,0.18,2,376.0,0.0
1627,1002,0.66,0.26,2,377.0,0.0
1628,1003,0.66,0.34,2,378.0,0.0
1629,1004,0.66,0.42,2,379.0,0.0
1630,1005,0.66,0.5,2,380.0,0.0
1631,1006,0.66,0.57,2,381.0,0.0
1632,1007,0.66,0.65,2,382.0,0.0
1633,1008,0.66,0.73,2,383.0,0.0
1634,1009,0.66,0.81,2,384.0,0.0
1635,1010,0.66,0.89,2,385.0,0.0
1636,1011,0.66,0.97,2,386.0,0.0
1637,1012,0.66,1.05,2,387.0,0.0
1638,1013,0.66,1.13,2,388.0,0.0
1639,1014,0.66,1.21,2,389.0,0.0
1640,1015,0.66,1.29,2,390.0,0.0
1641,1016,0.66,1.37,2,391.0,0.0
1642,1017,0.66,1.45,2,392.0,0.0
1643,1018,0.66,1.52,2,393.0,0.0
1644,1019,0.66,1.6,2,394.0,0.0
1645,1020,0.66,1.68,2,395.0,0.0
1646,1021,0.66,1.76,2,396.0,0.0
1647,1022,0.66,1.84,2,397.0,0.0
1648,1023,0.66,1.92,2,398.0,0.0
1649,1024,0.66,2.0,2,399.0,0.0
1650,1025,0.74,0.1,2,400.0,0.0
1651,1026,0.74,0.18,2,401.0,0.0
1652,1027,0.74,0.26,2,402.0,0.0
1653,1028,0.74,0.34,2,403.0,0.0
1654,1029,0.74,0.42,2,404.0,0.0
1655,1030,0.74,0.5,2,405.0,0.0
1656,1031,0.74,0.57,2,406.0,0.0
1657,1032,0.74,0.65,2,407.0,0.0
1658,1033,0.74,0.73,2,408.0,0.0
1659,1034,0.74,0.81,2,409.0,0.0
1660,1035,0.74,0.89,2,410.0,0.0
1661,1036,0.74,0.97,2,411.0,0.0
1662,1037,0.74,1.05,2,412.0,0.0
1663,1038,0.74,1.13,2,413.0,0.0
1664,1039,0.74,1.21,2,414.0,0.0
1665,1040,0.74,1.29,2,415.0,0.0
1666,1041,0.74,1.37,2,416.0,0.0
1667,1042,0.74,1.45,2,417.0,0.0
1668,1043,0.74,1.52,2,418.0,0.0
1669,1044,0.74,1.6,2,419.0,0.0
1670,1045,0.74,1.68,2,420.0,0.0
1671,1046,0.74,1.76,2,421.0,0.0
1672,1047,0.74,1.84,2,422.0,0.0
1673,1048,0.74,1.92,2,423.0,0.0
1674,1049,0.74,2.0,2,424.0,0.0
1675,1050,0.77,0.1,2,425.0,0.0
1676,1051,0.77,0.18,2,426.0,0.0
1677,1052,0.77,0.26,2,427.0,0.0
1678,1053,0.77,0.34,2,428.0,0.0
1679,1054,0.77,0.42,2,429.0,0.0
1680,1055,0.77,0.5,2,430.0,0.0
1681,1056,0.77,0.57,2,431.0,0.0
1682,1057,0.77,0.65,2,432.0,0.0
1683,1058,0.77,0.73,2,433.0,0.0
1684,1059,0.77,0.81,2,434.0,0.0
1685,1060,0.77,0.89,2,435.0,0.0
1686,1061,0.77,0.97,2,436.0,0.0
1687,1062,0.77,1.05,2,437.0,0.0
1688,1063,0.77,1.13,2,438.0,0.0
1689,1064,0.77,1.21,2,439.0,0.0
1690,1065,0.77,1.29,2,440.0,0.0
1691,1066,0.77,1.37,2,441.0,0.0
1692,1067,0.77,1.45,2,442.0,0.0
1693,1068,0.77,1.52,2,443.0,0.0
1694,1069,0.77,1.6,2,444.0,0.0
1695,1070,0.77,1.68,2,445.0,0.0
1696,1071,0.77,1.76,2,446.0,0.0
1697,1072,0.77,1.84,2,447.0,0.0
1698,1073,0.77,1.92,2,448.0,0.0
1699,1074,0.77,2.0,2,449.0,0.0
1700,1075,0.7,0.1,2,450.0,0.0
1701,1076,0.7,0.18,2,451.0,0.0
1702,1077,0.7,0.26,2,452.0,0.0
1703,1078,0.7,0.34,2,453.0,0.0
1704,1079,0.7,0.42,2,454.0,0.0
1705,1080,0.7,0.5,2,455.0,0.0
1706,1081,0.7,0.57,2,456.0,0.0
1707,1082,0.7,0.65,2,457.0,0.0
1708,1083,0.7,0.73,2,458.0,0.0
1709,1084,0.7,0.81,2,459.0,0.0
1710,1085,0.7,0.89,2,460.0,0.0
1711,1086,0.7,0.97,2,461.0,0.0
1712,1087,0.7,1.05,2,462.0,0.0
1713,1088,0.7,1.13,2,463.0,0.0
1714,1089,0.7,1.21,2,464.0,0.0
1715,1090,0.7,1.29,2,465.0,0.0
1716,1091,0.7,1.37,2,466.0,0.0
1717,1092,0.7,1.45,2,467.0,0.0
1718,1093,0.7,1.52,2,468.0,0.0
1719,1094,0.7,1.6,2,469.0,0.0
1720,1095,0.7,1.68,2,470.0,0.0
1721,1096,0.7,1.76,2,471.0,0.0
1722,1097,0.7,1.84,2,472.0,0.0
1723,1098,0.7,1.92,2,473.0,0.0
1724,1099,0.7,2.0,2,474.0,0.0
1725,1100,0.81,0.1,2,475.0,0.0
1726,1101,0.81,0.18,2,476.0,0.0
1727,1102,0.81,0.26,2,477.0,0.0
1728,1103,0.81,0.34,2,478.0,0.0
1729,1104,0.81,0.42,2,479.0,0.0
1730,1105,0.81,0.5,2,480.0,0.0
1731,1106,0.81,0.57,2,481.0,0.0
1732,1107,0.81,0.65,2,482.0,0.0
1733,1108,0.81,0.73,2,483.0,0.0
1734,1109,0.81,0.81,2,484.0,0.0
1735,1110,0.81,0.89,2,485.0,0.0
1736,1111,0.81,0.97,2,486.0,0.0
1737,1112,0.81,1.05,2,487.0,0.0
1738,1113,0.81,1.13,2,488.0,0.0
1739,1114,0.81,1.21,2,489.0,0.0
1740,1115,0.81,1.29,2,490.0,0.0
1741,1116,0.81,1.37,2,491.0,0.0
1742,1117,0.81,1.45,2,492.0,0.0
1743,1118,0.81,1.52,2,493.0,0.0
1744,1119,0.81,1.6,2,494.0,0.0
1745,1120,0.81,1.68,2,495.0,0.0
1746,1121,0.81,1.76,2,496.0,0.0
1747,1122,0.81,1.84,2,497.0,0.0
1748,1123,0.81,1.92,2,498.0,0.0
1749,1124,0.81,2.0,2,499.0,0.0
1750,1125,0.85,0.1,2,500.0,0.0
1751,1126,0.85,0.18,2,501.0,0.0
1752,1127,0.85,0.26,2,502.0,0.0
1753,1128,0.85,0.34,2,503.0,0.0
1754,1129,0.85,0.42,2,504.0,0.0
1755,1130,0.85,0.5,2,505.0,0.0
1756,1131,0.85,0.57,2,506.0,0.0
1757,1132,0.85,0.65,2,507.0,0.0
1758,1133,0.85,0.73,2,508.0,0.0
1759,1134,0.85,0.81,2,509.0,0.0
1760,1135,0.85,0.89,2,510.0,0.0
1761,1136,0.85,0.97,2,511.0,0.0
1762,1137,0.85,1.05,2,512.0,0.0
1763,1138,0.85,1.13,2,513.0,0.0
1764,1139,0.85,1.21,2,514.0,0.0
1765,1140,0.85,1.29,2,515.0,0.0
1766,1141,0.85,1.37,2,516.0,0.0
1767,1142,0.85,1.45,2,517.0,0.0
1768,1143,0.85,1.52,2,518.0,0.0
1769,1144,0.85,1.6,2,519.0,0.0
1770,1145,0.85,1.68,2,520.0,0.0
1771,1146,0.85,1.76,2,521.0,0.0
1772,1147,0.85,1.84,2,522.0,0.0
1773,1148,0.85,1.92,2,523.0,0.0
1774,1149,0.85,2.0,2,524.0,0.0
1775,1150,0.89,0.1,2,525.0,0.0
1776,1151,0.89,0.18,2,526.0,0.0
1777,1152,0.89,0.26,2,527.0,0.0
1778,1153,0.89,0.34,2,528.0,0.0
1779,1154,0.89,0.42,2,529.0,0.0
1780,1155,0.89,0.5,2,530.0,0.0
1781,1156,0.89,0.57,2,531.0,0.0
1782,1157,0.89,0.65,2,532.0,0.0
1783,1158,0.89,0.73,2,533.0,0.0
1784,1159,0.89,0.81,2,534.0,0.0
1785,1160,0.89,0.89,2,535.0,0.0
1786,1161,0.89,0.97,2,536.0,0.0
1787,1162,0.89,1.05,2,537.0,0.0
1788,1163,0.89,1.13,2,538.0,0.0
1789,1164,0.89,1.21,2,539.0,0.0
1790,1165,0.89,1.29,2,540.0,0.0
1791,1166,0.89,1.37,2,541.0,0.0
1792,1167,0.89,1.45,2,542.0,0.0
1793,1168,0.89,1.52,2,543.0,0.0
1794,1169,0.89,1.6,2,544.0,0.0
1795,1170,0.89,1.68,2,545.0,0.0
1796,1171,0.89,1.76,2,546.0,0.0
1797,1172,0.89,1.84,2,547.0,0.0
1798,1173,0.89,1.92,2,548.0,0.0
1799,1174,0.89,2.0,2,549.0,0.0
1800,1175,0.92,0.1,2,550.0,0.0
1801,1176,0.92,0.18,2,551.0,0.0
1802,1177,0.92,0.26,2,552.0,0.0
1803,1178,0.92,0.34,2,553.0,0.0
1804,1179,0.92,0.42,2,554.0,0.0
1805,1180,0.92,0.5,2,555.0,0.0
1806,1181,0.92,0.57,2,556.0,0.0
1807,1182,0.92,0.65,2,557.0,0.0
1808,1183,0.92,0.73,2,558.0,0.0
1809,1184,0.92,0.81,2,559.0,0.0
1810,1185,0.92,0.89,2,560.0,0.0
1811,1186,0.92,0.97,2,561.0,0.0
1812,1187,0.92,1.05,2,562.0,0.0
1813,1188,0.92,1.13,2,563.0,0.0
1814,1189,0.92,1.21,2,564.0,0.0
1815,1190,0.92,1.29,2,565.0,0.0
1816,1191,0.92,1.37,2,566.0,0.0
1817,1192,0.92,1.45,2,567.0,0.0
1818,1193,0.92,1.52,2,568.0,0.0
1819,1194,0.92,1.6,2,569.0,0.0
1820,1195,0.92,1.68,2,570.0,0.0
1821,1196,0.92,1.76,2,571.0,0.0
1822,1197,0.92,1.84,2,572.0,0.0
1823,1198,0.92,1.92,2,573.0,0.0
1824,1199,0.92,2.0,2,574.0,0.0
1825,1200,0.96,0.1,2,575.0,0.0
1826,1201,0.96,0.18,2,576.0,0.0
1827,1202,0.96,0.26,2,577.0,0.0
1828,1203,0.96,0.34,2,578.0,0.0
1829,1204,0.96,0.42,2,579.0,0.0
1830,1205,0.96,0.5,2,580.0,0.0
1831,1206,0.96,0.57,2,581.0,0.0
1832,1207,0.96,0.65,2,582.0,0.0
1833,1208,0.96,0.73,2,583.0,0.0
1834,1209,0.96,0.81,2,584.0,0.0
1835,1210,0.96,0.89,2,585.0,0.0
1836,1211,0.96,0.97,2,586.0,0.0
1837,1212,0.96,1.05,2,587.0,0.0
1838,1213,0.96,1.13,2,588.0,0.0
1839,1214,0.96,1.21,2,589.0,0.0
1840,1215,0.96,1.29,2,590.0,0.0
1841,1216,0.96,1.37,2,591.0,0.0
1842,1217,0.96,1.45,2,592.0,0.0
1843,1218,0.96,1.52,2,593.0,0.0
1844,1219,0.96,1.6,2,594.0,0.0
1845,1220,0.96,1.68,2,595.0,0.0
1846,1221,0.96,1.76,2,596.0,0.0
1847,1222,0.96,1.84,2,597.0,0.0
1848,1223,0.96,1.92,2,598.0,0.0
1849,1224,0.96,2.0,2,599.0,0.0
1850,1225,1.0,0.1,3,600.0,0.0
1851,1226,1.0,0.18,3,601.0,0.0
1852,1227,1.0,0.26,3,602.0,0.0
1853,1228,1.0,0.34,3,603.0,0.0
1854,1229,1.0,0.42,3,604.0,0.0
1855,1230,1.0,0.5,3,605.0,0.0
1856,1231,1.0,0.57,3,606.0,0.0
1857,1232,1.0,0.65,3,607.0,0.0
1858,1233,1.0,0.73,3,608.0,0.0
1859,1234,1.0,0.81,3,609.0,0.0
1860,1235,1.0,0.89,3,610.0,0.0
1861,1236,1.0,0.97,3,611.0,0.0
1862,1237,1.0,1.05,3,612.0,0.0
1863,1238,1.0,1.13,3,613.0,0.0
1864,1239,1.0,1.21,3,614.0,0.0
1865,1240,1.0,1.29,3,615.0,0.0
1866,1241,1.0,1.37,3,616.0,0.0
1867,1242,1.0,1.45,3,617.0,0.0
1868,1243,1.0,1.52,3,618.0,0.0
1869,1244,1.0,1.6,3,619.0,0.0
1870,1245,1.0,1.68,3,620.0,0.0
1871,1246,1.0,1.76,3,621.0,0.0
1872,1247,1.0,1.84,3,622.0,0.0
1873,1248,1.0,1.92,3,623.0,0.0
1874,1249,1.0,2.0,3,624.0,0.0
